Country,Providence/State,Latitude,Longitude,January,February,March,April,May,June,July,August,September,October,November,December
Afganistan,,33.9391,67.71,0.00%,0.00%,2.29%,3.01%,1.70%,2.39%,3.50%,3.68%,3.72%,3.71%,3.88%,4.23%
Albania,,41.1533,20.1683,0.00%,0.00%,6.17%,4.01%,2.90%,2.45%,2.98%,2.99%,2.84%,2.44%,2.12%,2.05%
Algeria,,28.0339,1.6596,0.00%,0.00%,6.15%,11.23%,6.95%,6.56%,3.98%,3.39%,3.37%,3.39%,2.92%,2.78%
Andorra,,42.5063,1.5218,0.00%,0.00%,3.19%,5.64%,6.68%,6.08%,5.62%,4.51%,2.59%,1.58%,1.13%,1.06%
Angola,,-11.2027,17.8739,0.00%,0.00%,28.57%,7.41%,4.65%,4.58%,4.53%,4.07%,3.68%,2.63%,2.30%,2.31%
Antigua and Barbuda,,17.0608,-61.7964,0.00%,0.00%,0.00%,12.50%,11.54%,4.35%,3.30%,3.19%,2.97%,2.34%,2.84%,3.23%
Argentina,,-38.4161,-63.6167,0.00%,0.00%,2.56%,4.92%,3.20%,2.03%,1.85%,2.07%,2.26%,2.66%,2.72%,2.69%
Armenia,,40.0691,45.0382,0.00%,0.00%,0.56%,1.55%,1.41%,1.73%,1.91%,2.01%,1.90%,1.49%,1.60%,1.75%
Australia,Australian Capital Territory,-35.4735,149.0124,0.00%,0.00%,1.25%,2.83%,2.80%,2.78%,2.65%,2.65%,2.65%,2.63%,2.56%,2.54%
,New South Wales,-31.2532,146.9211,0.00%,0.00%,0.39%,1.36%,1.55%,1.53%,1.33%,1.28%,1.25%,1.20%,1.16%,1.11%
,Northern Territory,-19.4914,132.551,0.00%,0.00%,0.00%,0.00%,0.00%,0.00%,0.00%,0.00%,0.00%,0.00%,0.00%,0.00%
,Queensland,-20.9176,142.7028,0.00%,0.00%,0.27%,0.58%,0.66%,0.56%,0.55%,0.53%,0.52%,0.51%,0.50%,0.48%
,South Australia,-30.0002,136.2092,0.00%,0.00%,0.00%,0.91%,0.91%,0.90%,0.89%,0.86%,0.85%,0.80%,0.71%,0.70%
,Tasmania,-41.4545,145.9707,0.00%,0.00%,1.45%,5.88%,5.70%,5.70%,5.68%,5.65%,5.65%,5.65%,5.65%,5.56%
,Victoria,-37.4713,144.7852,0.00%,0.00%,0.44%,1.32%,1.15%,0.90%,1.06%,2.98%,3.96%,4.03%,4.03%,4.03%
,Western Australia,-27.6728,121.6283,0.00%,0.00%,0.55%,1.45%,1.53%,1.47%,1.35%,1.37%,1.31%,1.17%,1.10%,1.05%
Austria,,47.5162,14.5501,0.00%,0.00%,1.26%,3.78%,3.99%,3.97%,3.40%,2.67%,1.78%,1.06%,1.13%,1.67%
Azerbaijan,,40.1431,47.5769,0.00%,0.00%,1.68%,1.33%,1.15%,1.22%,1.41%,1.47%,1.47%,1.32%,1.15%,1.16%
Bahamas,,25.0343,-77.3963,0.00%,0.00%,0.00%,13.58%,10.78%,10.58%,2.44%,2.26%,2.33%,2.14%,2.16%,2.17%
Bahrain,,26.0667,50.5577,0.00%,0.00%,0.71%,0.26%,0.17%,0.33%,0.36%,0.37%,0.35%,0.39%,0.39%,0.38%
Bangladesh,,23.685,90.3563,0.00%,0.00%,9.80%,2.19%,1.38%,1.27%,1.31%,1.37%,1.44%,1.45%,1.43%,1.46%
Barbados,,13.1939,-59.5432,0.00%,0.00%,0.00%,8.64%,7.61%,7.22%,6.36%,4.02%,3.68%,2.95%,2.54%,1.97%
Belarus,,53.7098,27.9534,0.00%,0.00%,0.66%,0.63%,0.55%,0.63%,0.82%,0.95%,1.06%,1.00%,0.85%,0.74%
Belgium,,50.5039,4.4699,0.00%,0.00%,5.52%,15.65%,16.22%,15.87%,14.31%,11.61%,8.46%,2.71%,2.88%,3.01%
Belize,,17.1899,-88.4976,0.00%,0.00%,0.00%,11.11%,11.11%,8.33%,4.17%,1.29%,1.36%,1.69%,2.53%,2.21%
Benin,,9.3077,2.3158,0.00%,0.00%,0.00%,1.56%,1.29%,1.75%,1.99%,1.86%,1.74%,1.55%,1.43%,1.37%
Bhutan,,27.5142,90.4336,0.00%,0.00%,0.00%,0.00%,0.00%,0.00%,0.00%,0.00%,0.00%,0.00%,0.00%,0.00%
Bolivia,,-16.2902,-63.5887,0.00%,0.00%,5.61%,5.31%,3.14%,3.38%,3.88%,4.31%,5.89%,6.15%,6.19%,5.88%
Bosnia and Herzegovina,,43.9159,17.6791,0.00%,0.00%,3.10%,3.93%,6.10%,4.18%,2.85%,3.05%,3.12%,2.46%,3.05%,3.60%
Botswana,,-22.3285,24.6849,0.00%,0.00%,25.00%,4.35%,2.86%,0.44%,0.25%,0.37%,0.50%,0.36%,0.32%,0.29%
Brazil,,-14.235,-51.9253,0.00%,0.00%,3.52%,6.89%,5.69%,4.25%,3.47%,3.11%,2.99%,2.89%,2.73%,2.55%
Brunei,,4.5353,114.7277,0.00%,0.00%,0.78%,0.72%,1.42%,2.13%,2.13%,2.08%,2.05%,2.03%,2.00%,1.97%
Bulgaria,,42.7339,25.4858,0.00%,0.00%,2.01%,4.38%,5.57%,4.61%,3.28%,3.87%,3.96%,2.42%,2.78%,3.62%
Burkina Faso,,12.2383,-1.5616,0.00%,0.00%,5.36%,6.67%,6.26%,5.51%,4.79%,4.02%,2.82%,2.68%,2.36%,1.23%
Burma,,21.9162,95.956,0.00%,0.00%,6.67%,3.97%,2.68%,2.01%,1.70%,0.68%,2.32%,2.35%,2.14%,2.13%
Burundi,,-3.3731,29.9189,0.00%,0.00%,0.00%,9.09%,1.59%,0.59%,0.26%,0.22%,0.20%,0.17%,0.15%,0.25%
Cabo Verde,,16.5388,-23.0418,0.00%,0.00%,16.67%,0.83%,0.92%,1.22%,0.94%,1.03%,1.00%,1.08%,0.98%,0.96%
Cambodia,,12.5657,104.991,0.00%,0.00%,0.00%,0.00%,0.00%,0.00%,0.00%,0.00%,0.00%,0.00%,0.00%,0.00%
Cameroon,,7.3697,12.3547,0.00%,0.00%,3.11%,3.33%,3.24%,2.49%,2.27%,2.15%,2.01%,1.95%,1.79%,1.70%
Canada,Alberta,53.9333,-116.5765,0.00%,0.00%,1.16%,1.68%,2.04%,1.90%,1.81%,1.72%,1.48%,1.17%,0.93%,0.95%
,British Columbia,53.7267,-127.6476,0.00%,0.00%,2.37%,5.26%,6.37%,5.97%,5.36%,3.59%,2.56%,1.83%,1.33%,1.66%
,Manitoba,53.7609,-98.8139,0.00%,0.00%,0.97%,2.17%,2.37%,2.15%,1.93%,1.15%,1.00%,1.17%,1.85%,2.67%
,New Brunswick,46.5653,-66.4619,0.00%,0.00%,0.00%,0.00%,0.00%,1.21%,1.18%,1.05%,1.00%,1.75%,1.40%,1.35%
,Newfoundland and Labrador,53.1355,-57.6604,0.00%,0.00%,0.66%,1.16%,1.15%,1.15%,1.13%,1.12%,1.09%,1.37%,1.18%,1.03%
,Northwest Territories,64.8255,-124.8457,0.00%,0.00%,0.00%,0.00%,0.00%,0.00%,0.00%,0.00%,0.00%,0.00%,0.00%,0.00%
,Nova Scotia,44.682,-63.7443,0.00%,0.00%,0.00%,2.96%,5.68%,5.93%,5.99%,5.99%,5.97%,5.86%,4.98%,4.44%
,Nunavut,70.2998,-83.1076,0.00%,0.00%,0.00%,0.00%,0.00%,0.00%,0.00%,0.00%,0.00%,0.00%,0.00%,0.38%
,Ontario,51.2538,-85.3232,0.00%,0.00%,1.68%,6.93%,7.98%,7.39%,6.85%,6.45%,5.36%,4.06%,3.06%,2.50%
,Prince Edward Island,46.5107,-63.4168,0.00%,0.00%,0.00%,0.00%,0.00%,0.00%,0.00%,0.00%,0.00%,0.00%,0.00%,0.00%
,Quebec,46.8139,-71.208,0.00%,0.00%,0.74%,6.75%,9.09%,9.92%,9.57%,9.22%,7.85%,5.89%,4.96%,4.16%
,Saskatchewan,52.9399,-106.4509,0.00%,0.00%,1.09%,1.80%,1.70%,1.66%,1.36%,1.48%,1.25%,0.80%,0.55%,0.95%
,Yukon,64.2823,-135,0.00%,0.00%,0.00%,0.00%,0.00%,0.00%,0.00%,0.00%,0.00%,4.35%,2.13%,1.67%
Central African Republic,,6.6111,20.9394,0.00%,0.00%,0.00%,0.00%,0.20%,1.26%,1.28%,1.32%,1.28%,1.27%,1.28%,1.27%
Chad,,15.4542,18.7322,0.00%,0.00%,0.00%,6.85%,8.35%,8.55%,8.01%,7.60%,7.08%,6.61%,5.98%,5.19%
Chile,,-35.6751,-71.543,0.00%,0.00%,0.42%,1.28%,0.85%,2.04%,2.66%,2.74%,2.75%,2.78%,2.79%,2.74%
China,Anhui,30.6007,117.9249,0.00%,0.61%,0.61%,0.61%,0.61%,0.61%,0.61%,0.61%,0.61%,0.61%,0.60%,0.60%
,Beijing,39.9042,116.4074,0.72%,1.95%,1.38%,1.52%,1.52%,0.98%,0.96%,0.96%,0.96%,0.96%,0.95%,0.93%
,Chongqing,29.4316,106.9123,0.00%,1.04%,1.04%,1.04%,1.04%,1.03%,1.03%,1.03%,1.03%,1.02%,1.02%,1.02%
,Fujian,26.4837,117.9249,0.00%,0.34%,0.29%,0.28%,0.28%,0.28%,0.27%,0.26%,0.24%,0.23%,0.20%,0.20%
,Gansu,35.7518,104.2861,0.00%,2.20%,1.45%,1.44%,1.44%,1.22%,1.20%,1.18%,1.18%,1.13%,1.10%,1.10%
,Guangdong,23.379,113.7633,0.00%,0.52%,0.54%,0.50%,0.50%,0.49%,0.48%,0.46%,0.44%,0.42%,0.40%,0.39%
,Guangxi,23.7248,108.8076,0.00%,0.79%,0.79%,0.79%,0.79%,0.79%,0.78%,0.78%,0.77%,0.77%,0.76%,0.76%
,Guizhou,26.843,107.2903,0.00%,1.37%,1.37%,1.36%,1.36%,1.36%,1.36%,1.36%,1.36%,1.36%,1.36%,1.36%
,Hainan,19.5664,109.9497,1.92%,2.98%,3.57%,3.57%,3.55%,3.51%,3.51%,3.51%,3.51%,3.51%,3.51%,3.51%
,Hebei,37.8957,114.9042,1.22%,1.89%,1.87%,1.83%,1.83%,1.72%,1.72%,1.64%,1.64%,1.61%,1.61%,1.61%
,Heilongjiang,47.1216,128.7382,3.39%,2.71%,2.69%,1.38%,1.38%,1.37%,1.37%,1.37%,1.37%,1.37%,1.37%,1.35%
,Henan,34.2904,113.3824,0.57%,1.65%,1.72%,1.72%,1.72%,1.72%,1.72%,1.72%,1.72%,1.71%,1.71%,1.69%
,Hong Kong,22.3193,114.1694,0.00%,2.11%,0.56%,0.39%,0.37%,0.58%,0.83%,1.85%,2.06%,1.97%,1.73%,1.59%
,Hubei,30.7378,112.2384,3.51%,4.11%,4.70%,6.62%,6.62%,6.62%,6.62%,6.62%,6.62%,6.62%,6.62%,6.62%
,Hunan,27.6253,111.8569,0.00%,0.39%,0.39%,0.39%,0.39%,0.39%,0.39%,0.39%,0.39%,0.39%,0.39%,0.39%
,Inner Mongolia,43.3782,115.0595,0.00%,0.00%,0.93%,0.50%,0.43%,0.42%,0.39%,0.38%,0.38%,0.34%,0.31%,0.28%
,Jiangsu,33.1402,119.7889,0.00%,0.00%,0.00%,0.00%,0.00%,0.00%,0.00%,0.00%,0.00%,0.00%,0.00%,0.00%
,Jiangxi,27.0875,114.9042,0.00%,0.11%,0.11%,0.11%,0.11%,0.11%,0.11%,0.11%,0.11%,0.11%,0.11%,0.11%
,Jilin,43.8379,126.5496,0.00%,1.08%,1.02%,0.90%,1.29%,1.29%,1.27%,1.27%,1.27%,1.27%,1.27%,1.27%
,Liaoning,41.9437,122.529,0.00%,0.83%,1.44%,1.37%,1.34%,1.29%,0.83%,0.76%,0.74%,0.71%,0.69%,0.61%
,Macau,22.1987,113.5439,0.00%,0.00%,0.00%,0.00%,0.00%,0.00%,0.00%,0.00%,0.00%,0.00%,0.00%,0.00%
,Ningxia,37.1987,106.1581,0.00%,0.00%,0.00%,0.00%,0.00%,0.00%,0.00%,0.00%,0.00%,0.00%,0.00%,0.00%
,Qinghai,35.7448,96.4077,0.00%,0.00%,0.00%,0.00%,0.00%,0.00%,0.00%,0.00%,0.00%,0.00%,0.00%,0.00%
,Shaanxi,35.394,109.188,0.00%,0.41%,1.19%,0.98%,0.97%,0.94%,0.93%,0.82%,0.73%,0.66%,0.60%,0.59%
,Shandong,35.894,117.9249,0.00%,0.79%,0.90%,0.89%,0.88%,0.88%,0.88%,0.84%,0.84%,0.83%,0.82%,0.81%
,Shanghai,31.2304,121.4737,0.74%,0.89%,0.98%,1.07%,1.04%,0.98%,0.94%,0.77%,0.70%,0.59%,0.53%,0.47%
,Shanxi,37.2426,111.8569,0.00%,0.00%,0.00%,0.00%,0.00%,0.00%,0.00%,0.00%,0.00%,0.00%,0.00%,0.00%
,Sichuan,30.2638,102.8055,0.56%,0.56%,0.55%,0.53%,0.52%,0.50%,0.50%,0.46%,0.43%,0.40%,0.37%,0.35%
,Tianjin,39.3434,117.3616,0.00%,2.21%,1.72%,1.58%,1.56%,1.52%,1.46%,1.31%,1.25%,1.11%,1.00%,0.98%
,Tibet,30.1534,88.7879,0.00%,0.00%,0.00%,0.00%,0.00%,0.00%,0.00%,0.00%,0.00%,0.00%,0.00%,0.00%
,Xinjiang,42.5246,87.5396,0.00%,3.95%,3.95%,3.95%,3.95%,3.95%,0.47%,0.33%,0.33%,0.31%,0.31%,0.31%
,Yunnan,24.4753,101.3431,0.00%,1.15%,1.10%,1.08%,1.08%,1.08%,1.05%,1.01%,0.96%,0.94%,0.91%,0.87%
,Zhejiang,29.1416,119.7889,0.00%,0.08%,0.08%,0.08%,0.08%,0.08%,0.08%,0.08%,0.08%,0.08%,0.08%,0.08%
Colombia,,4.5709,-74.2973,0.00%,0.00%,1.77%,4.50%,3.20%,3.41%,3.42%,3.20%,3.13%,2.92%,2.79%,2.64%
Comoros,,-11.6455,43.3333,0.00%,0.00%,0.00%,0.00%,1.89%,2.31%,1.85%,1.65%,1.46%,1.28%,1.15%,0.98%
Congo (Brazzaville),,-0.228,15.8277,0.00%,0.00%,0.00%,4.09%,3.27%,3.40%,1.69%,1.96%,1.75%,1.74%,1.63%,1.55%
Congo (Kinshasa),,-4.0383,21.7587,0.00%,0.00%,8.16%,5.42%,2.35%,2.42%,2.37%,2.56%,2.55%,2.72%,2.61%,3.44%
Costa Rica,,9.7489,-83.7534,0.00%,0.00%,0.58%,0.83%,0.95%,0.46%,0.84%,1.06%,1.19%,1.26%,1.24%,1.28%
Cote d'Ivoire,,7.54,-5.5471,0.00%,0.00%,0.56%,1.10%,1.16%,0.72%,0.64%,0.65%,0.61%,0.61%,0.62%,0.61%
Croatia,,45.1,15.2,0.00%,0.00%,0.69%,3.32%,4.59%,3.85%,2.82%,1.81%,1.69%,1.11%,1.39%,1.79%
Cuba,,21.5218,-77.7812,0.00%,0.00%,3.23%,4.06%,4.06%,3.67%,3.34%,2.33%,2.18%,1.86%,1.63%,1.27%
Cyprus,,35.1264,33.4299,0.00%,0.00%,3.05%,1.76%,1.80%,1.90%,1.71%,1.34%,1.25%,0.60%,0.46%,0.57%
Czechia,,50.07366,14.41854,0.00%,0.00%,0.94%,3.07%,3.45%,2.92%,2.30%,1.72%,0.93%,0.97%,1.59%,1.65%
Denmark,Faroe Islands,61.8926,-6.9118,0.00%,0.00%,0.00%,0.00%,0.00%,0.00%,0.00%,0.00%,0.00%,0.00%,0.00%,0.00%
,Greenland,71.7069,-42.6043,0.00%,0.00%,0.00%,0.00%,0.00%,0.00%,0.00%,0.00%,0.00%,0.00%,0.00%,0.00%
,Denmark,56.2639,9.5018,0.00%,0.00%,3.15%,4.94%,4.92%,4.74%,4.46%,3.67%,2.32%,1.56%,1.04%,0.77%
Djibouti,,11.8251,42.5903,0.00%,0.00%,0.00%,0.18%,0.72%,1.15%,1.14%,1.11%,1.13%,1.10%,1.07%,1.05%
Dominica,,15.415,-61.371,0.00%,0.00%,0.00%,0.00%,0.00%,0.00%,0.00%,0.00%,0.00%,0.00%,0.00%,0.00%
Dominican Republic,,18.7357,-70.1627,0.00%,0.00%,4.60%,4.32%,2.90%,2.29%,1.67%,1.81%,1.88%,1.77%,1.62%,1.44%
Ecuador,,-1.8312,-78.1834,0.00%,0.00%,3.35%,3.61%,8.59%,8.02%,6.68%,5.76%,8.29%,7.53%,6.99%,6.68%
Egypt,,26.8206,30.8025,0.00%,0.00%,6.48%,7.08%,3.84%,4.32%,5.11%,5.48%,5.75%,5.83%,5.74%,5.59%
El Salvador,,13.7942,-88.8965,0.00%,0.00%,3.13%,2.53%,1.83%,2.70%,2.69%,2.79%,2.90%,2.92%,2.90%,2.92%
Equatorial Guinea,,1.6508,10.2679,0.00%,0.00%,0.00%,0.32%,0.92%,1.60%,1.72%,1.68%,1.65%,1.63%,1.65%,1.64%
Eritrea,,15.1794,39.7823,0.00%,0.00%,0.00%,0.00%,0.00%,0.00%,0.00%,0.00%,0.00%,0.00%,0.00%,0.10%
Estonia,,58.5953,25.0136,0.00%,0.00%,0.54%,3.08%,3.64%,3.47%,3.34%,2.69%,1.90%,1.49%,0.96%,0.80%
Eswatini,,-26.5225,31.4659,0.00%,0.00%,0.00%,1.00%,0.70%,1.35%,1.55%,1.99%,1.99%,1.98%,1.90%,1.94%
Ethiopia,,9.145,40.4897,0.00%,0.00%,0.00%,2.29%,0.94%,1.76%,1.56%,1.55%,1.59%,1.53%,1.55%,1.55%
Fiji,,-17.7134,178.065,0.00%,0.00%,0.00%,0.00%,0.00%,0.00%,3.70%,7.14%,6.25%,5.88%,4.76%,4.35%
Finland,,61.9241,25.7482,0.00%,0.00%,1.20%,4.22%,4.67%,4.55%,4.43%,4.16%,3.44%,2.22%,1.60%,1.50%
France,French Guiana,3.9339,-53.1258,0.00%,0.00%,0.00%,0.79%,0.20%,0.37%,0.55%,0.65%,0.66%,0.66%,0.62%,0.56%
,French Polynesia,-17.6797,-149.4068,0.00%,0.00%,0.00%,0.00%,0.00%,0.00%,0.00%,0.00%,0.38%,0.40%,0.52%,0.65%
,Guadeloupe,16.265,-61.551,0.00%,0.00%,3.51%,7.95%,8.64%,7.69%,5.28%,1.26%,1.03%,1.66%,1.79%,1.80%
,Martinique,14.6415,-61.0242,0.00%,0.00%,2.34%,7.87%,7.00%,5.79%,5.58%,2.60%,1.36%,0.84%,0.74%,0.69%
,Mayotte,-12.8275,45.1662,0.00%,0.00%,1.06%,0.74%,1.24%,1.34%,1.32%,1.21%,1.11%,1.01%,0.95%,0.94%
,New Caledonia,-20.9043,165.618,0.00%,0.00%,0.00%,0.00%,0.00%,0.00%,0.00%,0.00%,0.00%,0.00%,0.00%,0.00%
,Reunion,-21.1151,55.5364,0.00%,0.00%,0.00%,0.00%,0.21%,0.38%,0.61%,0.54%,0.40%,0.42%,0.50%,0.47%
,Saint Barthelemy,17.9,-62.8333,0.00%,0.00%,0.00%,0.00%,0.00%,0.00%,0.00%,0.00%,0.00%,0.00%,0.68%,0.54%
,Saint Pierre and Miquelon,46.8852,-56.3159,0.00%,0.00%,0.00%,0.00%,0.00%,0.00%,0.00%,0.00%,0.00%,0.00%,0.00%,0.00%
,St Martin,18.0826,-63.0523,0.00%,0.00%,6.67%,7.89%,7.32%,6.98%,5.66%,2.35%,2.09%,1.59%,1.67%,1.25%
,France,46.2276,2.2137,0.00%,2.00%,6.82%,14.53%,15.31%,15.14%,14.01%,10.02%,5.49%,2.65%,2.36%,2.44%
Gabon,,-0.8037,11.6094,0.00%,0.00%,6.25%,1.09%,0.64%,0.78%,0.67%,0.62%,0.62%,0.61%,0.65%,0.67%
Gambia,,13.4432,-15.3101,0.00%,0.00%,25.00%,9.09%,4.00%,4.08%,1.81%,3.24%,3.13%,3.24%,3.29%,3.24%
Georgia,,32.1656,-82.9001,0.00%,0.00%,0.00%,1.11%,1.53%,1.62%,1.46%,1.28%,0.63%,0.79%,0.93%,1.07%
Germany,,51.1657,10.4515,0.00%,0.00%,1.08%,4.06%,4.66%,4.60%,4.35%,3.80%,3.24%,1.97%,1.56%,1.83%
Ghana,,7.9465,-1.0232,0.00%,0.00%,3.11%,0.82%,0.45%,0.63%,0.51%,0.62%,0.65%,0.67%,0.63%,0.61%
Greece,,39.0742,21.8243,0.00%,0.00%,3.73%,5.40%,6.00%,5.63%,4.60%,2.58%,2.12%,1.59%,2.29%,3.40%
Grenada,,12.1165,-61.679,0.00%,0.00%,0.00%,0.00%,0.00%,0.00%,0.00%,0.00%,0.00%,0.00%,0.00%,0.00%
Guatemala,,15.7835,-90.2308,0.00%,0.00%,2.63%,2.67%,2.12%,4.27%,3.86%,3.73%,3.54%,3.45%,3.42%,3.52%
Guinea,,9.9456,-9.6966,0.00%,0.00%,0.00%,0.47%,0.62%,0.61%,0.63%,0.63%,0.62%,0.60%,0.58%,0.59%
Guinea-Bissau,,11.8037,-15.1804,0.00%,0.00%,0.00%,0.49%,0.64%,1.45%,1.31%,1.54%,1.68%,1.70%,1.80%,1.84%
Guyana,,4.8604,-58.9302,0.00%,0.00%,16.67%,10.98%,7.84%,4.90%,4.84%,2.99%,2.76%,2.98%,2.79%,2.61%
Haiti,,18.9712,-72.2852,0.00%,0.00%,0.00%,9.88%,2.07%,1.76%,2.17%,2.44%,2.61%,2.56%,2.51%,2.36%
Holy See,,41.9029,12.4534,0.00%,0.00%,0.00%,0.00%,0.00%,0.00%,0.00%,0.00%,0.00%,0.00%,0.00%,0.00%
Honduras,,15.2,-86.2419,0.00%,0.00%,4.96%,9.21%,4.08%,2.54%,3.18%,3.07%,3.06%,2.75%,2.70%,2.57%
Hungary,,47.1625,19.5033,0.00%,0.00%,3.25%,11.24%,13.57%,14.08%,13.23%,10.02%,2.89%,2.32%,2.22%,2.86%
Iceland,,64.9631,-19.0208,0.00%,0.00%,0.18%,0.56%,0.55%,0.55%,0.53%,0.47%,0.37%,0.25%,0.48%,0.49%
India,,20.5937,78.9629,0.00%,0.00%,2.51%,3.31%,2.84%,2.97%,2.15%,1.77%,1.56%,1.49%,1.45%,1.45%
Indonesia,,-0.7893,113.9213,0.00%,0.00%,8.90%,7.83%,6.09%,5.10%,4.73%,4.24%,3.74%,3.38%,3.14%,2.98%
Iran,,32.4279,53.688,0.00%,7.25%,6.50%,6.37%,5.15%,4.75%,5.51%,5.75%,5.72%,5.69%,5.01%,4.56%
Iraq,,33.2232,43.6793,0.00%,0.00%,7.20%,4.46%,3.18%,3.96%,3.80%,3.00%,2.53%,2.31%,2.22%,2.16%
Ireland,,53.1424,-7.6921,0.00%,0.00%,2.19%,5.98%,6.61%,6.82%,6.76%,6.17%,4.99%,3.11%,2.83%,2.56%
Israel,,31.0461,34.8516,0.00%,0.00%,0.37%,1.42%,1.68%,1.29%,0.79%,0.82%,0.65%,0.81%,0.85%,0.80%
Italy,,41.8719,12.5674,0.00%,2.57%,11.75%,13.61%,14.34%,14.45%,14.20%,13.18%,11.40%,5.68%,3.47%,3.51%
Jamaica,,18.1096,-77.2975,0.00%,0.00%,2.78%,1.90%,1.54%,1.42%,1.14%,0.85%,1.65%,2.27%,2.39%,2.32%
Japan,,36.2048,138.2529,0.00%,2.45%,2.97%,3.37%,5.36%,5.22%,2.78%,1.90%,1.88%,1.75%,1.39%,1.40%
Jordan,,30.5852,36.2384,0.00%,0.00%,1.82%,1.77%,1.22%,0.80%,0.92%,0.74%,0.52%,1.14%,1.25%,1.31%
Kazakhstan,,48.0196,66.9237,0.00%,0.00%,0.58%,0.73%,0.37%,0.84%,0.88%,1.36%,1.48%,1.49%,1.39%,1.36%
Kenya,,-0.0236,37.9062,0.00%,0.00%,1.69%,4.29%,3.26%,2.32%,1.65%,1.69%,1.85%,1.78%,1.76%,1.73%
"Korea, South",,35.9078,127.7669,0.00%,0.51%,1.66%,2.30%,2.36%,2.19%,2.10%,1.61%,1.74%,1.75%,1.52%,1.42%
Kosovo,,42.6026,20.903,0.00%,0.00%,0.94%,2.75%,2.80%,1.75%,2.73%,3.90%,4.00%,3.51%,2.57%,2.59%
Kuwait,,29.3117,47.4818,0.00%,0.00%,0.00%,0.65%,0.78%,0.77%,0.67%,0.62%,0.58%,0.62%,0.62%,0.62%
Kyrgyzstan,,41.2044,74.7661,0.00%,0.00%,0.00%,1.07%,0.92%,1.11%,3.85%,2.41%,2.28%,1.94%,1.74%,1.68%
Laos,,19.8563,102.4955,0.00%,0.00%,0.00%,0.00%,0.00%,0.00%,0.00%,0.00%,0.00%,0.00%,0.00%,0.00%
Latvia,,56.8796,24.6032,0.00%,0.00%,0.00%,1.75%,2.25%,2.68%,2.60%,2.44%,2.03%,1.20%,1.21%,1.54%
Lebanon,,33.8547,35.8623,0.00%,0.00%,2.55%,3.31%,2.21%,1.91%,1.34%,0.96%,0.93%,0.78%,0.80%,0.81%
Lesotho,,-29.61,28.2336,0.00%,0.00%,0.00%,0.00%,0.00%,0.00%,2.15%,2.86%,2.26%,2.25%,2.09%,1.87%
Liberia,,6.4281,-9.4295,0.00%,0.00%,0.00%,11.35%,9.38%,4.62%,6.32%,6.29%,6.11%,5.75%,5.20%,4.67%
Libya,,26.3351,17.2283,0.00%,0.00%,0.00%,4.92%,3.21%,2.91%,2.04%,1.70%,1.60%,1.40%,1.43%,1.46%
Liechtenstein,,47.166,9.5554,0.00%,0.00%,0.00%,1.22%,1.22%,1.22%,1.14%,0.93%,0.85%,0.56%,1.26%,1.54%
Lithuania,,55.1694,23.8813,0.00%,0.00%,1.49%,3.25%,4.18%,4.29%,3.86%,2.96%,1.96%,1.11%,0.83%,0.96%
Luxembourg,,49.8153,6.1296,0.00%,0.00%,1.06%,2.38%,2.74%,2.56%,1.70%,1.87%,1.46%,0.89%,0.93%,1.01%
MS Zaandam,,52.44204,4.8292,0.00%,0.00%,0.00%,22.22%,22.22%,22.22%,22.22%,22.22%,22.22%,22.22%,22.22%,22.22%
Madagascar,,-18.7669,46.8691,0.00%,0.00%,0.00%,0.00%,0.78%,0.90%,0.98%,1.29%,1.40%,1.43%,1.45%,1.47%
Malawi,,-13.2543,34.3015,0.00%,0.00%,0.00%,8.11%,1.41%,1.14%,2.80%,3.14%,3.10%,3.10%,3.07%,2.96%
Malaysia,,4.2105,101.9758,0.00%,0.00%,1.55%,1.70%,1.47%,1.40%,1.39%,1.36%,1.21%,0.79%,0.55%,0.43%
Maldives,,3.2028,73.2207,0.00%,0.00%,0.00%,0.21%,0.28%,0.38%,0.42%,0.36%,0.33%,0.33%,0.35%,0.35%
Mali,,17.5707,-3.9962,0.00%,0.00%,7.14%,5.31%,6.09%,5.32%,4.89%,4.54%,4.20%,3.83%,3.31%,3.82%
Malta,,35.9375,14.3754,0.00%,0.00%,0.00%,0.86%,1.46%,1.34%,1.09%,0.64%,1.14%,1.03%,1.39%,1.70%
Marshall Islands,,7.1315,171.1845,0.00%,0.00%,0.00%,0.00%,0.00%,0.00%,0.00%,0.00%,0.00%,0.00%,0.00%,0.00%
Mauritania,,21.0079,-10.9408,0.00%,0.00%,16.67%,12.50%,4.34%,2.96%,2.49%,2.26%,2.15%,2.12%,2.06%,2.38%
Mauritius,,-20.3484,57.5522,0.00%,0.00%,3.50%,3.01%,2.99%,2.93%,2.91%,2.81%,2.62%,2.27%,1.98%,1.90%
Mexico,,23.6345,-102.5528,0.00%,0.00%,2.39%,9.67%,10.95%,12.28%,10.99%,10.74%,10.45%,9.92%,9.51%,8.85%
Moldova,,47.4116,28.3699,0.00%,0.00%,1.13%,2.98%,3.58%,3.28%,3.15%,2.70%,2.49%,2.35%,2.15%,2.05%
Monaco,,43.7384,7.4246,0.00%,0.00%,1.92%,4.21%,4.04%,3.88%,3.33%,2.60%,0.92%,0.56%,0.49%,0.38%
Mongolia,,46.8625,103.8467,0.00%,0.00%,0.00%,0.00%,0.00%,0.00%,0.00%,0.00%,0.00%,0.00%,0.00%,0.00%
Montenegro,,42.7087,19.3744,0.00%,0.00%,1.83%,2.17%,2.78%,2.19%,1.56%,2.07%,1.57%,1.64%,1.42%,1.43%
Morocco,,31.7917,-7.0926,0.00%,0.00%,5.83%,3.84%,2.63%,1.82%,1.45%,1.82%,1.77%,1.69%,1.64%,1.68%
Mozambique,,-18.6657,35.5296,0.00%,0.00%,0.00%,0.00%,0.79%,0.67%,0.59%,0.59%,0.70%,0.71%,0.83%,0.88%
Namibia,,-22.9671,18.493,0.00%,0.00%,0.00%,0.00%,0.00%,0.00%,0.47%,0.99%,1.07%,1.03%,1.05%,0.87%
Nepal,,28.3949,84.124,0.00%,0.00%,0.00%,0.00%,0.51%,0.21%,0.28%,0.58%,0.64%,0.55%,0.65%,0.71%
Netherlands,Aruba,12.5211,-69.9683,0.00%,0.00%,0.00%,2.00%,2.97%,2.91%,2.48%,0.50%,0.68%,0.84%,0.93%,0.92%
,"Bonaire, Sint Eustatius and Saba",12.1784,-68.2385,0.00%,0.00%,0.00%,0.00%,0.00%,0.00%,0.00%,0.00%,0.83%,1.96%,1.85%,1.65%
,Curacao,12.1696,-68.99,0.00%,0.00%,9.09%,6.25%,5.26%,4.35%,3.45%,1.47%,0.26%,0.10%,0.17%,0.34%
,Sint Maarten,18.0425,-63.0548,0.00%,0.00%,0.00%,17.33%,19.48%,19.48%,11.72%,3.57%,3.30%,2.66%,2.35%,1.87%
,Netherlands,52.1326,5.2913,0.00%,0.00%,8.25%,12.20%,12.82%,12.16%,11.32%,8.81%,5.30%,2.11%,1.79%,1.44%
New Zealand,,-40.9006,174.886,0.00%,0.00%,0.15%,1.28%,1.46%,1.44%,1.41%,1.26%,1.35%,1.28%,1.21%,1.17%
Nicaragua,,12.8654,-85.2072,0.00%,0.00%,20.00%,21.43%,4.61%,3.29%,3.16%,3.05%,2.92%,2.83%,2.77%,2.74%
Niger,,17.6078,8.0817,0.00%,0.00%,11.11%,4.45%,6.68%,6.23%,6.08%,5.87%,5.76%,5.66%,4.65%,3.09%
Nigeria,,9.082,8.6753,0.00%,0.00%,1.48%,3.00%,2.82%,2.30%,2.04%,1.88%,1.89%,1.82%,1.74%,1.49%
North Macedonia,,41.6086,21.7453,0.00%,0.00%,2.74%,5.26%,5.97%,4.77%,4.52%,4.20%,4.11%,3.15%,2.85%,2.99%
Norway,,60.472,8.4689,0.00%,0.00%,0.84%,2.71%,2.80%,2.82%,2.76%,2.45%,1.95%,1.39%,0.92%,0.89%
Oman,,21.4735,55.9754,0.00%,0.00%,0.52%,0.47%,0.43%,0.44%,0.53%,0.80%,0.95%,1.06%,1.15%,1.16%
Pakistan,,30.3753,69.3451,0.00%,0.00%,1.27%,2.30%,2.13%,2.06%,2.14%,2.13%,2.07%,2.04%,2.02%,2.10%
Panama,,8.538,-80.7821,0.00%,0.00%,2.54%,2.88%,2.50%,1.88%,2.18%,2.15%,2.11%,2.02%,1.86%,1.66%
Papua New Guinea,,-6.315,143.9555,0.00%,0.00%,0.00%,0.00%,0.00%,0.00%,2.78%,1.09%,1.31%,1.19%,1.07%,1.15%
Paraguay,,-23.4425,-58.4438,0.00%,0.00%,4.62%,3.76%,1.12%,0.77%,0.92%,1.85%,2.10%,2.22%,2.13%,2.10%
Peru,,-9.19,-75.0152,0.00%,0.00%,2.82%,2.84%,2.74%,3.39%,4.67%,4.45%,3.99%,3.82%,3.73%,3.72%
Philippines,,12.8797,121.774,0.00%,33.33%,4.22%,6.69%,5.29%,3.37%,2.17%,1.61%,1.77%,1.90%,1.94%,1.94%
Poland,,51.9194,19.1451,0.00%,0.00%,1.43%,5.00%,4.47%,4.25%,3.76%,3.03%,2.75%,1.55%,1.73%,2.16%
Portugal,,39.3999,-8.2245,0.00%,0.00%,2.15%,3.95%,4.34%,3.74%,3.40%,3.14%,2.61%,1.77%,1.51%,1.68%
Qatar,,25.3548,51.1839,0.00%,0.00%,0.26%,0.07%,0.07%,0.12%,0.16%,0.17%,0.17%,0.18%,0.17%,0.17%
Romania,,45.9432,24.9668,0.00%,0.00%,3.65%,5.86%,6.57%,6.12%,4.60%,4.14%,3.78%,2.89%,2.38%,2.47%
Russia,,61.524,105.3188,0.00%,0.00%,0.73%,1.01%,1.16%,1.44%,1.66%,1.73%,1.76%,1.73%,1.74%,1.79%
Rwanda,,-1.9403,29.8739,0.00%,0.00%,0.00%,0.00%,0.27%,0.20%,0.25%,0.39%,0.60%,0.68%,0.83%,0.93%
Saint Kitts and Nevis,,17.3578,-62.783,0.00%,0.00%,0.00%,0.00%,0.00%,0.00%,0.00%,0.00%,0.00%,0.00%,0.00%,0.00%
Saint Lucia,,13.9094,-60.9789,0.00%,0.00%,0.00%,0.00%,0.00%,0.00%,0.00%,0.00%,0.00%,0.00%,0.77%,1.64%
Saint Vincent and the Grenadines,,12.9843,-61.2872,0.00%,0.00%,0.00%,0.00%,0.00%,0.00%,0.00%,0.00%,0.00%,0.00%,0.00%,0.00%
Samoa,,-13.759,-172.1046,0.00%,0.00%,0.00%,0.00%,0.00%,0.00%,0.00%,0.00%,0.00%,0.00%,0.00%,0.00%
San Marino,,43.9424,12.4578,0.00%,0.00%,11.02%,7.21%,6.26%,6.02%,6.01%,5.87%,5.74%,4.53%,2.85%,2.51%
Sao Tome and Principe,,0.1864,6.6131,0.00%,0.00%,0.00%,0.00%,2.48%,1.82%,1.72%,1.67%,1.65%,1.69%,1.72%,1.68%
Saudi Arabia,,23.8859,45.0792,0.00%,0.00%,0.64%,0.71%,0.59%,0.86%,1.04%,1.23%,1.42%,1.56%,1.65%,1.71%
Senegal,,14.4974,-14.4524,0.00%,0.00%,0.00%,0.96%,1.15%,1.65%,2.00%,2.09%,2.08%,2.07%,2.07%,2.09%
Serbia,,44.0165,21.0059,0.00%,0.00%,1.78%,1.99%,2.13%,1.90%,2.24%,2.27%,2.23%,1.75%,0.91%,0.93%
Seychelles,,-4.6796,55.492,0.00%,0.00%,0.00%,0.00%,0.00%,0.00%,0.00%,0.00%,0.00%,0.00%,0.00%,0.00%
Sierra Leone,,8.4606,-11.7799,0.00%,0.00%,0.00%,5.65%,5.34%,4.10%,3.68%,3.46%,3.23%,3.13%,3.07%,2.97%
Singapore,,1.3521,103.8198,0.00%,0.00%,0.32%,0.09%,0.07%,0.06%,0.05%,0.05%,0.05%,0.05%,0.05%,0.05%
Slovakia,,48.669,19.699,0.00%,0.00%,0.00%,1.65%,1.84%,1.68%,1.27%,0.84%,0.47%,0.38%,0.79%,1.06%
Slovenia,,46.1512,14.9955,0.00%,0.00%,1.87%,6.37%,7.33%,6.94%,5.52%,4.61%,2.64%,0.99%,1.89%,2.23%
Solomon Islands,,-9.6457,160.1562,0.00%,0.00%,0.00%,0.00%,0.00%,0.00%,0.00%,0.00%,0.00%,0.00%,0.00%,0.00%
Somalia,,5.1521,46.1996,0.00%,0.00%,0.00%,4.66%,3.95%,3.08%,2.90%,2.96%,2.76%,2.64%,2.54%,2.71%
South Africa,,-30.5595,22.9375,0.00%,0.00%,0.37%,1.82%,2.09%,1.76%,1.62%,2.26%,2.48%,2.66%,2.73%,2.66%
South Sudan,,6.877,31.307,0.00%,0.00%,0.00%,0.00%,1.01%,1.89%,1.98%,1.86%,1.81%,2.00%,1.96%,1.78%
Spain,,40.4637,-3.7492,0.00%,0.00%,8.82%,11.50%,11.33%,11.38%,9.86%,6.29%,4.13%,3.03%,2.73%,2.69%
Sri Lanka,,7.8731,80.7718,0.00%,0.00%,1.40%,1.06%,0.61%,0.54%,0.39%,0.39%,0.38%,0.19%,0.49%,0.47%
Sudan,,12.8628,30.2176,0.00%,0.00%,28.57%,7.01%,5.69%,6.18%,6.41%,6.24%,6.13%,6.06%,7.01%,6.30%
Suriname,,3.9193,-56.0278,0.00%,0.00%,0.00%,10.00%,4.35%,2.52%,1.58%,1.76%,2.13%,2.13%,2.20%,1.99%
Sweden,,60.1282,18.6435,0.00%,0.00%,7.96%,13.68%,12.09%,8.12%,7.48%,6.88%,6.35%,4.81%,2.75%,2.09%
Switzerland,,46.8182,8.2275,0.00%,0.00%,2.61%,5.87%,6.22%,6.19%,5.62%,4.76%,3.89%,1.49%,1.47%,1.68%
Syria,,34.8021,38.9968,0.00%,0.00%,20.00%,6.98%,4.10%,3.23%,5.68%,4.05%,4.76%,5.03%,5.29%,6.15%
Taiwan*,,23.6978,120.9605,0.00%,2.56%,1.55%,1.40%,1.58%,1.57%,1.50%,1.43%,1.36%,1.26%,1.04%,0.89%
Tajikistan,,38.861,71.2761,0.00%,0.00%,0.00%,0.00%,1.20%,0.88%,0.81%,0.79%,0.78%,0.74%,0.71%,0.68%
Tanzania,,-6.369,34.8888,0.00%,0.00%,5.26%,3.33%,4.13%,4.13%,4.13%,4.13%,4.13%,4.13%,4.13%,4.13%
Thailand,,15.87,100.9925,0.00%,0.00%,0.61%,1.83%,1.85%,1.83%,1.75%,1.70%,1.65%,1.56%,1.50%,0.98%
Timor-Leste,,-8.8742,125.7275,0.00%,0.00%,0.00%,0.00%,0.00%,0.00%,0.00%,0.00%,0.00%,0.00%,0.00%,0.00%
Togo,,8.6195,0.8248,0.00%,0.00%,2.94%,7.76%,2.94%,2.15%,2.02%,2.00%,2.69%,2.45%,2.15%,1.91%
Trinidad and Tobago,,10.6918,-61.2225,0.00%,0.00%,3.45%,6.90%,6.84%,6.15%,4.73%,1.25%,1.68%,1.90%,1.80%,1.76%
Tunisia,,33.8869,9.5375,0.00%,0.00%,2.54%,4.12%,4.46%,4.26%,3.26%,2.02%,1.44%,2.20%,3.37%,3.39%
Turkey,,38.9637,35.2433,0.00%,0.00%,1.58%,2.64%,2.77%,2.57%,2.46%,2.36%,2.57%,2.73%,2.15%,0.93%
US,,37.0902,-95.7129,0.00%,4.00%,2.75%,6.13%,6.00%,4.86%,3.39%,3.05%,2.87%,2.53%,1.97%,1.74%
Uganda,,1.3733,32.2903,0.00%,0.00%,0.00%,0.00%,0.00%,0.00%,0.26%,1.08%,0.92%,0.89%,1.00%,0.73%
Ukraine,,48.3794,31.1656,0.00%,0.00%,2.64%,2.51%,2.99%,2.59%,2.40%,2.10%,1.97%,1.85%,1.69%,1.75%
United Arab Emirates,,23.4241,53.8478,0.00%,0.00%,0.90%,0.84%,0.76%,0.65%,0.58%,0.55%,0.44%,0.37%,0.34%,0.33%
United Kingdom,Anguilla,18.2206,-63.0686,0.00%,0.00%,0.00%,0.00%,0.00%,0.00%,0.00%,0.00%,0.00%,0.00%,0.00%,0.00%
,Bermuda,32.3078,-64.7505,0.00%,0.00%,0.00%,5.26%,6.43%,6.16%,5.77%,5.23%,4.97%,4.52%,3.46%,1.72%
,British Virgin Islands,18.4207,-64.64,0.00%,0.00%,0.00%,16.67%,12.50%,12.50%,12.50%,2.13%,1.41%,1.41%,1.41%,1.16%
,Cayman Islands,19.3133,-81.2546,0.00%,0.00%,7.14%,1.37%,0.71%,0.50%,0.49%,0.49%,0.47%,0.42%,0.73%,0.63%
,Channel Islands,49.37228,-2.36435,0.00%,0.00%,2.13%,7.45%,8.04%,8.23%,8.01%,7.68%,7.22%,5.71%,3.70%,1.93%
,Falkland Islands (Malvinas),-51.7963,-59.5236,0.00%,0.00%,0.00%,0.00%,0.00%,0.00%,0.00%,0.00%,0.00%,0.00%,0.00%,0.00%
,Gibraltar,36.1408,-5.3536,0.00%,0.00%,0.00%,0.00%,0.00%,0.00%,0.00%,0.00%,0.00%,0.00%,0.49%,0.36%
,Isle of Man,54.2361,-4.5481,0.00%,0.00%,0.00%,6.67%,7.14%,7.14%,7.14%,7.14%,7.06%,6.80%,6.78%,6.68%
,Montserrat,16.7425,-62.1874,0.00%,0.00%,0.00%,9.09%,9.09%,9.09%,8.33%,7.69%,7.69%,7.69%,7.69%,7.69%
,Turks and Caicos Islands,21.694,-71.7979,0.00%,0.00%,0.00%,8.33%,8.33%,4.88%,1.87%,0.79%,0.87%,0.85%,0.80%,0.71%
,United Kingdom,55.3781,-3.436,0.00%,0.00%,6.37%,15.03%,14.62%,14.24%,13.59%,12.36%,9.30%,4.60%,3.59%,3.09%
Uruguay,,-32.5228,-55.7658,0.00%,0.00%,0.30%,2.64%,2.67%,2.88%,2.77%,2.76%,2.35%,1.86%,1.31%,0.94%
Uzbekistan,,41.3775,64.5853,0.00%,0.00%,1.16%,0.44%,0.41%,0.31%,0.59%,0.76%,0.83%,0.85%,0.83%,0.80%
Vanuatu,,-15.3767,166.9592,0.00%,0.00%,0.00%,0.00%,0.00%,0.00%,0.00%,0.00%,0.00%,0.00%,0.00%,0.00%
Venezuela,,6.4238,-66.5897,0.00%,0.00%,2.22%,4.80%,0.93%,0.87%,0.88%,0.83%,0.84%,0.87%,0.88%,0.90%
Vietnam,,14.0583,108.2772,0.00%,0.00%,0.00%,0.00%,0.00%,0.00%,0.54%,3.26%,3.20%,2.97%,2.60%,2.43%
West Bank and Gaza,,31.9466,35.3027,0.00%,0.00%,0.84%,0.58%,0.67%,0.33%,0.69%,0.67%,0.78%,0.90%,0.85%,0.98%
Yemen,,15.5527,48.5164,0.00%,0.00%,0.00%,33.33%,24.77%,26.94%,28.53%,28.91%,28.86%,29.04%,28.25%,28.99%
Zambia,,-13.1339,27.8493,0.00%,0.00%,0.00%,2.83%,0.66%,1.51%,2.53%,2.38%,2.25%,2.12%,2.02%,1.93%
Zimbabwe,,-19.0154,29.1549,0.00%,0.00%,12.50%,10.00%,2.25%,1.18%,2.11%,3.11%,2.91%,2.90%,2.77%,2.67%
